{
  "correct": 111,
  "partial": 1,
  "incorrect": 21,
  "error": 0,
  "total": 133,
  "score_strict": 83.45864661654136,
  "score_partial": 83.83458646616542
}