{
  "correct": 102,
  "partial": 0,
  "incorrect": 31,
  "error": 0,
  "total": 133,
  "score_strict": 76.69172932330827,
  "score_partial": 76.69172932330827
}