{
  "correct": 103,
  "partial": 0,
  "incorrect": 30,
  "error": 0,
  "total": 133,
  "score_strict": 77.44360902255639,
  "score_partial": 77.44360902255639
}