{
  "correct": 109,
  "partial": 0,
  "incorrect": 24,
  "error": 0,
  "total": 133,
  "score_strict": 81.95488721804512,
  "score_partial": 81.95488721804512
}