{
  "correct": 101,
  "partial": 0,
  "incorrect": 32,
  "error": 0,
  "total": 133,
  "score_strict": 75.93984962406014,
  "score_partial": 75.93984962406014
}