{
  "correct": 110,
  "partial": 2,
  "incorrect": 21,
  "error": 0,
  "total": 133,
  "score_strict": 82.70676691729322,
  "score_partial": 83.45864661654136
}