{
  "correct": 95,
  "partial": 0,
  "incorrect": 38,
  "error": 0,
  "total": 133,
  "score_strict": 71.42857142857143,
  "score_partial": 71.42857142857143
}