{
  "correct": 108,
  "partial": 0,
  "incorrect": 25,
  "error": 0,
  "total": 133,
  "score_strict": 81.203007518797,
  "score_partial": 81.203007518797
}