{
  "correct": 104,
  "partial": 0,
  "incorrect": 29,
  "error": 0,
  "total": 133,
  "score_strict": 78.19548872180451,
  "score_partial": 78.19548872180451
}