{
  "correct": 10,
  "partial": 1,
  "incorrect": 122,
  "error": 0,
  "total": 133,
  "score_strict": 7.518796992481203,
  "score_partial": 7.894736842105263
}