{
  "correct": 90,
  "partial": 0,
  "incorrect": 43,
  "error": 0,
  "total": 133,
  "score_strict": 67.66917293233082,
  "score_partial": 67.66917293233082
}