{
  "correct": 105,
  "partial": 0,
  "incorrect": 28,
  "error": 0,
  "total": 133,
  "score_strict": 78.94736842105263,
  "score_partial": 78.94736842105263
}