{
  "correct": 108,
  "partial": 1,
  "incorrect": 24,
  "error": 0,
  "total": 133,
  "score_strict": 81.203007518797,
  "score_partial": 81.57894736842105
}