{
  "correct": 106,
  "partial": 0,
  "incorrect": 27,
  "error": 0,
  "total": 133,
  "score_strict": 79.69924812030075,
  "score_partial": 79.69924812030075
}