{
  "correct": 118,
  "partial": 1,
  "incorrect": 14,
  "error": 0,
  "total": 133,
  "score_strict": 88.7218045112782,
  "score_partial": 89.09774436090225
}